Location,Total Number of Public Schools [Public School] 2019-20,Total Students All Grades (Excludes AE) [Public School] 2019-20,Full-Time Equivalent (FTE) Teachers [Public School] 2019-20,Pupil/Teacher Ratio [Public School] 2019-20
Aberdeen SD,34,6268,466.47,13.44
Aberdeen WA,43,11048,653.34,16.91
Abilene TX,75,29940,2122.44,14.11
Ada OK,23,7076,495.42,14.28
Adrian MI,47,15007,918.83,16.33
Aguadilla-Isabela PR,79,29859,2451.00,12.25
Akron OH,190,92695,5543.80,16.72
Alamogordo NM,25,8345,584.29,14.28
Albany GA,38,24919,1546.90,16.11
Albany-Lebanon OR,48,17856,961.30,18.57
Albany-Schenectady-Troy NY,215,118257,9985.10,11.84
Albemarle NC,24,9166,586.52,15.63
Albert Lea MN,15,4313,295.74,14.58
Albertville AL,34,18577,1003.93,18.50
Albuquerque NM,290,134475,9096.09,14.78
Alexander City AL,14,6695,402.50,16.63
Alexandria LA,58,25931,1453.59,17.84
Alexandria MN,20,5855,253.02,23.14
Alice TX,28,10664,692.50,15.40
Allentown-Bethlehem-Easton PA-NJ,202,122726,8735.97,14.05
Alma MI,24,5766,347.52,16.59
Alpena MI,10,3679,192.97,19.07
Altoona PA,32,17156,1216.68,14.10
Altus OK,16,4455,286.15,15.57
Amarillo TX,102,49900,3466.49,14.39
Americus GA,11,5751,412.50,13.94
Ames IA,40,15851,1068.61,14.83
Amsterdam NY,16,7477,495.92,15.08
Anchorage AK,148,66203,3609.53,18.34
Andrews TX,6,4359,278.98,15.62
Angola IN,9,3642,228.60,15.93
Ann Arbor MI,102,45886,2851.58,16.09
Anniston-Oxford AL,39,17402,1025.39,16.97
Appleton WI,94,39712,2686.26,14.78
Arcadia FL,11,4939,254.50,19.41
Ardmore OK,37,10644,678.91,15.68
Arecibo PR,44,16486,1530.00,10.99
Arkadelphia AR,8,2538,201.05,12.62
Asheville NC,107,54557,3737.00,14.60
Ashland OH,19,7034,417.46,16.85
Ashtabula OH,31,12833,698.63,18.37
Astoria OR,14,5201,284.93,18.25
Atchison KS,6,2248,184.90,12.16
Athens OH,19,6897,510.50,13.51
Athens TN,15,7666,465.00,16.49
Athens TX,31,11096,800.77,13.86
Athens-Clarke County GA,44,30431,2185.10,13.93
Atlanta-Sandy Springs-Alpharetta GA,1147,1019551,65624.30,15.54
Atlantic City-Hammonton NJ,78,43706,3837.41,11.39
Atmore AL,16,5339,328.22,16.27
Auburn IN,14,7102,426.38,16.66
Auburn NY,23,9288,833.71,11.14
Auburn-Opelika AL,41,24126,1427.94,16.90
Augusta-Richmond County GA-SC,157,97376,6210.80,15.68
Augusta-Waterville ME,54,16509,1350.88,12.50
Austin MN,33,6810,370.75,18.37
Austin-Round Rock-Georgetown TX,592,371364,24863.94,14.94
Bainbridge GA,9,5012,333.40,15.03
Bakersfield CA,268,198247,–,‡
Baltimore-Columbia-Towson MD,655,410052,27140.23,15.11
Bangor ME,68,19868,1630.42,12.54
Baraboo WI,31,10327,734.61,14.06
Bardstown KY,18,7530,429.20,17.54
Barnstable Town MA,51,24100,2111.37,11.41
Barre VT,26,8099,739.96,10.95
Bartlesville OK,20,9342,512.88,18.21
Batavia NY,21,8281,953.75,8.68
Batesville AR,19,9745,829.17,11.75
Baton Rouge LA,245,135321,7381.45,18.33
Battle Creek MI,57,20079,1205.73,16.65
Bay City MI,35,13525,745.73,18.14
Bay City TX,18,7258,490.83,14.79
Beatrice NE,13,3061,227.24,13.47
Beaumont-Port Arthur TX,133,69143,4661.73,14.83
Beaver Dam WI,41,11391,789.36,14.43
Beckley WV,50,17525,1274.00,13.76
Bedford IN,19,6221,402.09,15.47
Beeville TX,14,5438,366.90,14.82
Bellefontaine OH,13,6146,440.62,13.95
Bellingham WA,77,28797,1659.35,17.35
Bemidji MN,37,8448,596.89,14.15
Bend OR,53,27292,1291.81,21.13
Bennettsville SC,7,3850,251.00,15.34
Bennington VT,16,4192,314.95,13.31
Berlin NH,23,3589,354.30,10.13
Big Rapids MI,17,5528,303.52,18.21
Big Spring TX,15,5896,405.34,14.55
Big Stone Gap VA,16,6449,453.40,14.22
Billings MT,101,26834,1818.40,14.76
Binghamton NY,72,32843,2796.77,11.74
Birmingham-Hoover AL,300,168029,9690.00,17.34
Bismarck ND,55,19256,1334.11,14.43
Blackfoot ID,31,10496,573.94,18.29
Blacksburg-Christiansburg VA,43,18143,1319.96,13.75
Bloomington IL,58,25141,1736.38,14.48
Bloomington IN,39,17067,1076.33,15.86
Bloomsburg-Berwick PA,26,10333,827.19,12.49
Bluefield WV-VA,43,15063,1011.28,14.89
Blytheville AR,21,7735,718.81,10.76
Bogalusa LA,15,6994,378.34,18.49
Boise City ID,248,129030,6810.42,18.95
Bonham TX,23,5623,439.06,12.81
Boone NC,11,4915,392.24,12.53
Borger TX,13,4101,341.02,12.03
Boston-Cambridge-Newton MA-NH,1232,658526,52378.99,12.57
Boulder CO,85,47007,2673.56,17.58
Bowling Green KY,65,29383,1700.27,17.28
Bozeman MT,45,14046,887.81,15.82
Bradford PA,14,5931,447.91,13.24
Brainerd MN,40,14551,1013.75,14.35
Branson MO,20,7984,580.32,13.76
Breckenridge CO,9,3582,256.42,13.97
Bremerton-Silverdale-Port Orchard WA,79,36936,2037.64,18.13
Brenham TX,10,5600,408.79,13.70
Brevard NC,10,3824,286.72,13.34
Bridgeport-Stamford-Norwalk CT,237,145195,11163.97,13.01
Brookhaven MS,12,5883,377.49,15.58
Brookings OR,7,2257,123.43,18.29
Brookings SD,18,4684,327.37,14.31
Brownsville TN,5,2835,196.30,14.44
Brownsville-Harlingen TX,181,103533,6772.56,15.29
Brownwood TX,21,6577,516.79,12.73
Brunswick GA,28,18070,1223.20,14.95
Bucyrus-Galion OH,19,6246,363.82,17.17
Buffalo-Cheektowaga NY,272,153491,13176.47,11.65
Burley ID,30,9895,543.17,18.22
Burlington IA-IL,19,6934,506.70,13.68
Burlington NC,40,24925,1581.67,15.76
Burlington-South Burlington VT,77,31091,2509.02,12.39
Butte-Silver Bow MT,12,4459,286.75,15.55
Cadillac MI,23,8434,495.56,17.02
Calhoun GA,13,10824,662.00,16.35
California-Lexington Park MD,28,18083,1063.40,17.00
Cambridge MD,13,4710,368.02,12.80
Cambridge OH,15,4627,286.58,16.15
Camden AR,12,4300,350.19,12.28
Campbellsville KY,14,5695,347.35,16.40
Cañon City CO,13,5094,339.14,15.02
Canton-Massillon OH,111,57754,3179.03,18.17
Cape Coral-Fort Myers FL,122,95613,5191.60,18.42
Cape Girardeau MO-IL,42,13219,983.61,13.44
Carbondale-Marion IL,55,19080,1351.99,14.11
Carlsbad-Artesia NM,27,13114,733.90,17.87
Carroll IA,10,3041,220.97,13.76
Carson City NV,15,8133,555.00,14.65
Casper WY,29,13340,910.57,14.65
Cedar City UT,20,10800,480.39,22.48
Cedar Rapids IA,98,44460,2945.00,15.10
Cedartown GA,11,8054,498.10,16.17
Celina OH,23,8281,477.84,17.33
Central City KY,11,4692,286.00,16.41
Centralia IL,26,6300,458.77,13.73
Centralia WA,43,12649,704.48,17.96
Chambersburg-Waynesboro PA,41,22029,1367.88,16.10
Champaign-Urbana IL,77,28423,2099.16,13.54
Charleston WV,111,38717,2628.10,14.73
Charleston-Mattoon IL,26,8020,579.35,13.84
Charleston-North Charleston SC,165,119156,7686.30,15.50
Charlotte-Concord-Gastonia NC-SC,605,427731,26305.99,16.26
Charlottesville VA,58,27166,2002.83,13.56
Chattanooga TN-GA,132,74781,5092.40,14.68
Cheyenne WY,45,15483,1126.90,13.74
Chicago-Naperville-Elgin IL-IN-WI,2689,1473374,98313.76,14.99
Chico CA,94,30031,–,‡
Chillicothe OH,25,10543,596.67,17.67
Cincinnati OH-KY-IN,550,324767,20184.08,16.09
Clarksburg WV,38,14128,1044.95,13.52
Clarksdale MS,16,3981,278.20,14.31
Clarksville TN-KY,67,49594,2822.04,17.57
Clearlake CA,42,9849,–,‡
Cleveland MS,19,5382,389.67,13.81
Cleveland TN,33,18346,1149.20,15.96
Cleveland-Elyria OH,562,274317,16126.61,17.01
Clewiston FL,18,9080,429.00,21.17
Clinton IA,18,7405,566.33,13.08
Clovis NM,27,9169,545.01,16.82
Coamo PR,12,4129,339.00,12.18
Coco PR,9,2535,242.00,10.48
Coeur d'Alene ID,50,23469,1188.52,19.75
Coffeyville KS,12,5280,373.80,14.13
Coldwater MI,19,6740,347.70,19.38
College Station-Bryan TX,72,38114,2802.00,13.60
Colorado Springs CO,242,124632,7579.30,16.44
Columbia MO,78,28410,2172.16,13.08
Columbia SC,214,141130,9881.80,14.28
Columbus GA-AL,89,50432,3139.81,16.06
Columbus IN,19,12438,671.52,18.52
Columbus MS,21,9218,624.80,14.75
Columbus NE,18,5374,342.57,15.69
Columbus OH,617,328102,17636.88,18.60
Concord NH,59,18348,1496.40,12.26
Connersville IN,9,3449,203.73,16.93
Cookeville TN,35,16548,969.40,17.07
Coos Bay OR,24,10010,497.85,20.11
Cordele GA,6,3934,253.10,15.54
Corinth MS,13,5881,400.81,14.67
Cornelia GA,13,6632,476.70,13.91
Corning NY,35,14411,1424.14,10.12
Corpus Christi TX,154,76891,5016.43,15.33
Corsicana TX,25,10344,743.38,13.91
Cortland NY,17,5843,551.90,10.59
Corvallis OR,25,10222,543.30,18.81
Coshocton OH,12,4796,297.99,16.09
Craig CO,7,2202,126.21,17.45
Crawfordsville IN,16,6181,408.23,15.14
Crescent City CA,16,4327,–,†
Crestview-Fort Walton Beach-Destin FL,75,42906,2348.89,18.27
Crossville TN,12,7303,446.40,16.36
Cullman AL,35,12506,712.80,17.54
Cullowhee NC,20,7224,674.27,10.71
Cumberland MD-WV,37,12531,884.05,14.17
Dallas-Fort Worth-Arlington TX,2224,1427635,93914.33,15.20
Dalton GA,43,27976,1905.90,14.68
Danville IL,40,12167,804.94,15.12
Danville KY,21,8576,560.24,15.31
Danville VA,36,14425,1021.32,14.12
Daphne-Fairhope-Foley AL,48,32823,1823.09,18.00
Davenport-Moline-Rock Island IA-IL,141,60124,4017.83,14.96
Dayton TN,8,5104,332.20,15.36
Dayton-Kettering OH,219,112434,6234.28,18.03
Decatur AL,62,24635,1466.56,16.80
Decatur IL,44,15842,888.94,17.82
Decatur IN,9,4346,321.99,13.50
Defiance OH,15,6077,382.34,15.89
Del Rio TX,21,11031,669.77,16.47
Deltona-Daytona Beach-Ormond Beach FL,106,75955,4541.24,16.73
Deming NM,13,5468,374.70,14.59
Denver-Aurora-Lakewood CO,856,470101,26767.47,17.56
DeRidder LA,12,5866,337.44,17.38
Des Moines-West Des Moines IA,220,121412,7701.33,15.77
Detroit-Warren-Dearborn MI,1281,635041,35003.00,18.14
Dickinson ND,19,5192,361.24,14.37
Dixon IL,17,4057,‡,14.72
Dodge City KS,16,7912,449.83,17.59
Dothan AL,48,21693,1218.25,17.81
Douglas GA,16,9476,615.50,15.40
Dover DE,51,30486,2064.00,14.77
Dublin GA,19,11113,748.10,14.85
DuBois PA,19,9131,722.72,12.63
Dubuque IA,25,13733,1054.76,13.02
Duluth MN-WI,144,39351,2427.82,16.21
Dumas TX,12,4878,374.52,13.02
Duncan OK,26,7598,484.89,15.67
Durango CO,25,8145,586.10,13.90
Durant OK,24,7980,502.61,15.88
Durham-Chapel Hill NC,161,91419,6088.00,15.02
Dyersburg TN,12,6491,409.50,15.85
Eagle Pass TX,24,14500,862.11,16.82
East Stroudsburg PA,29,22920,1828.20,12.54
Easton MD,8,4703,326.95,14.38
Eau Claire WI,63,23673,1576.01,15.02
Edwards CO,23,8179,576.83,14.18
Effingham IL,17,5104,362.06,14.10
El Campo TX,18,8237,577.67,14.26
El Centro CA,74,38534,–,‡
El Dorado AR,17,7411,610.83,12.13
El Paso TX,288,175911,11351.07,15.50
Elizabeth City NC,19,7626,504.62,15.11
Elizabethtown-Fort Knox KY,51,25520,1472.76,17.33
Elk City OK,13,4054,273.33,14.83
Elkhart-Goshen IN,57,36045,2081.19,17.32
Elkins WV,16,3870,283.50,13.65
Elko NV,40,10837,‡,18.31
Ellensburg WA,19,5456,320.50,17.02
Elmira NY,24,11659,794.00,14.68
Emporia KS,16,5938,434.38,13.67
Enid OK,35,11438,686.38,16.66
Enterprise AL,18,9930,503.08,19.74
Erie PA,69,37369,2684.42,13.92
Escanaba MI,18,4777,262.13,18.22
Española NM,31,4811,423.40,11.36
Eufaula AL-GA,11,6703,216.78,30.92
Eugene-Springfield OR,113,45482,2252.78,20.19
Eureka-Arcata CA,90,17969,–,†
Evanston WY,13,4309,336.86,12.79
Evansville IN-KY,81,44622,3162.57,14.11
Fairbanks AK,39,20017,809.69,24.72
Fairfield IA,6,2344,158.38,14.80
Fairmont MN,16,3090,213.75,14.46
Fairmont WV,23,7965,550.00,14.48
Fallon NV,8,4000,199.50,20.05
Fargo ND-MN,84,36953,2684.85,13.76
Faribault-Northfield MN,32,9046,549.47,16.46
Farmington MO,28,10650,737.62,14.44
Farmington NM,62,24040,1557.00,15.44
Fayetteville NC,135,81933,5326.80,15.38
Fayetteville-Springdale-Rogers AR,151,95336,6679.12,14.27
Fergus Falls MN,31,8260,533.81,15.47
Fernley NV,21,9112,495.00,18.41
Findlay OH,36,12239,718.98,17.02
Fitzgerald GA,5,3065,206.10,14.87
Flagstaff AZ,75,20375,‡,19.23
Flint MI,154,62810,3358.64,18.70
Florence SC,65,32683,2260.10,14.46
Florence-Muscle Shoals AL,44,20706,1224.08,16.92
Fond du Lac WI,43,13766,954.57,14.42
Forest City NC,20,9707,603.55,16.08
Forrest City AR,8,3323,226.37,14.68
Fort Collins CO,93,49995,2880.76,17.35
Fort Dodge IA,11,4997,322.49,15.50
Fort Leonard Wood MO,21,8823,637.75,13.83
Fort Madison-Keokuk IA-IL-MO,33,8820,634.50,13.90
Fort Morgan CO,18,5867,375.46,15.63
Fort Payne AL,20,12358,719.85,17.17
Fort Polk South LA,18,8541,489.36,17.45
Fort Smith AR-OK,96,42047,3414.07,12.32
Fort Wayne IN,96,61288,3378.61,18.14
Frankfort IN,11,6300,377.91,16.67
Frankfort KY,27,11303,680.93,16.60
Fredericksburg TX,10,3780,278.99,13.55
Freeport IL,23,6275,475.78,13.19
Fremont NE,24,6318,426.68,14.81
Fremont OH,24,8946,562.55,15.90
Fresno CA,348,206790,–,‡
Gadsden AL,45,15202,919.50,16.53
Gaffney SC,18,8682,614.80,14.12
Gainesville FL,90,39245,2153.94,18.22
Gainesville GA,46,35227,2284.50,15.42
Gainesville TX,20,6880,497.75,13.82
Galesburg IL,24,6788,491.45,13.81
Gallup NM,54,15343,1183.25,12.97
Garden City KS,27,9350,646.90,14.45
Gardnerville Ranchos NV,15,5786,400.00,14.47
Georgetown SC,19,9205,633.10,14.54
Gettysburg PA,26,13890,950.50,14.61
Gillette WY,37,11125,869.93,12.79
Glasgow KY,23,9796,580.58,16.87
Glens Falls NY,45,16865,1742.26,9.68
Glenwood Springs CO,33,13206,841.37,15.70
Gloversville NY,20,7814,670.60,11.65
Goldsboro NC,34,19416,1280.52,15.16
Granbury TX,17,8937,599.37,14.91
Grand Forks ND-MN,50,14600,1089.90,13.40
Grand Island NE,46,15190,1118.11,13.59
Grand Junction CO,54,23476,1375.61,17.07
Grand Rapids MN,27,6879,475.73,14.46
Grand Rapids-Kentwood MI,406,166890,9573.06,17.43
Grants Pass OR,24,10820,503.98,21.47
Grants NM,18,4239,352.00,12.04
Great Bend KS,15,4148,320.07,12.96
Great Falls MT,44,11767,793.67,14.83
Greeley CO,105,58175,3265.60,17.81
Green Bay WI,112,52101,3649.84,14.27
Greeneville TN,23,9398,591.90,15.88
Greensboro-High Point NC,202,115327,7267.80,15.87
Greensburg IN,7,4080,283.13,14.41
Greenville MS,23,7527,495.13,15.20
Greenville NC,41,24940,1617.96,15.41
Greenville OH,23,8441,485.87,17.37
Greenville-Anderson SC,201,142858,8998.30,15.88
Greenwood MS,17,5640,391.77,14.40
Greenwood SC,21,11050,740.40,14.92
Grenada MS,5,4012,250.69,16.00
Guayama PR,23,7657,656.00,11.67
Gulfport-Biloxi MS,114,65342,4182.13,15.62
Guymon OK,22,4671,305.48,15.29
Hagerstown-Martinsburg MD-WV,86,44938,2857.45,15.73
Hailey ID,11,3671,283.24,12.96
Hammond LA,34,19835,1090.27,18.19
Hanford-Corcoran CA,66,29542,–,‡
Hannibal MO,18,5725,443.10,12.92
Harrisburg-Carlisle PA,145,89169,5970.68,14.93
Harrison AR,23,7275,817.73,8.90
Harrisonburg VA,34,18522,1269.04,14.60
Hartford-East Hartford-Middletown CT,347,171329,13844.39,12.38
Hastings NE,16,4979,373.31,13.34
Hattiesburg MS,58,25893,1827.76,14.17
Hays KS,10,3903,250.12,15.60
Heber UT,34,16103,‡,19.04
Helena MT,41,11482,762.17,15.06
Helena-West Helena AR,9,3306,284.08,11.64
Henderson NC,18,7816,503.06,15.54
Hereford TX,10,4186,300.36,13.94
Hermiston-Pendleton OR,43,16301,907.42,17.96
Hickory-Lenoir-Morganton NC,109,52189,3318.28,15.73
Hillsdale MI,23,5663,356.47,15.89
Hilo HI,55,27777,1884.32,14.74
Hilton Head Island-Bluffton SC,42,27130,2008.10,13.51
Hinesville GA,16,13968,851.30,16.41
Hobbs NM,38,16197,883.48,18.33
Holland MI,57,18749,1068.43,17.55
Homosassa Springs FL,26,15611,936.12,16.68
Hood River OR,8,4032,230.09,17.52
Hope AR,15,4831,429.26,11.25
Hot Springs AR,27,15324,1072.35,14.29
Houghton MI,19,5386,332.21,16.21
Houma-Thibodaux LA,64,31742,1637.26,19.39
Houston-The Woodlands-Sugar Land TX,1763,1375336,85959.87,16.00
Hudson NY,19,6623,684.65,9.67
Huntingdon PA,18,5012,423.77,11.83
Huntington IN,10,5089,332.94,15.29
Huntington-Ashland WV-KY-OH,148,55584,3718.80,14.95
Huntsville AL,115,70602,3720.59,18.98
Huntsville TX,18,10657,501.54,21.25
Huron SD,22,3635,238.91,15.21
Hutchinson KS,29,9122,659.51,13.83
Hutchinson MN,19,5588,321.39,17.39
Idaho Falls ID,72,33906,1641.58,20.65
Indiana PA,22,8828,677.12,13.04
Indianapolis-Carmel-Anderson IN,530,352206,19757.46,17.83
Indianola MS,14,3455,249.86,13.83
Iowa City IA,52,23441,1605.96,14.60
Iron Mountain MI-WI,17,4082,246.87,16.54
Ithaca NY,33,11128,1153.20,9.65
Jackson MI,69,23177,1361.02,17.03
Jackson MS,187,89949,5892.66,15.26
Jackson OH,11,4849,306.51,15.82
Jackson TN,57,27842,1756.90,15.85
Jackson WY-ID,19,4746,362.04,13.11
Jacksonville FL,347,231547,12992.94,17.82
Jacksonville IL,34,5688,513.06,11.09
Jacksonville NC,38,27117,1618.34,16.76
Jacksonville TX,25,11128,834.17,13.34
Jamestown ND,14,2679,230.08,11.64
Jamestown-Dunkirk-Fredonia NY,52,18514,1780.08,10.40
Janesville-Beloit WI,63,26852,1861.66,14.42
Jasper AL,23,10226,603.00,16.96
Jasper IN,23,8990,527.51,17.04
Jayuya PR,8,2236,186.00,12.02
Jefferson City MO,69,19318,1734.06,11.14
Jefferson GA,18,14007,927.90,15.10
Jennings LA,13,5705,302.00,18.89
Jesup GA,8,5373,361.10,14.88
Johnson City TN,55,26617,1752.00,15.19
Johnstown PA,37,16762,1258.38,13.32
Jonesboro AR,48,23719,1636.73,14.49
Joplin MO,73,30459,2108.38,14.45
Juneau AK,15,4725,291.11,16.23
Kahului-Wailuku-Lahaina HI,33,22245,1466.00,15.17
Kalamazoo-Portage MI,94,35157,2018.55,17.42
Kalispell MT,46,14787,975.78,15.15
Kankakee IL,40,17274,1151.01,15.01
Kansas City MO-KS,735,351798,24221.03,14.52
Kapaa HI,21,9986,641.75,15.56
Kearney NE,35,9809,680.08,14.42
Keene NH,38,8936,784.50,11.39
Kendallville IN,16,7099,442.16,16.06
Kennett MO,21,5330,417.61,12.76
Kennewick-Richland WA,105,60054,3256.75,18.44
Kerrville TX,21,6937,482.54,14.38
Ketchikan AK,9,2291,157.00,14.59
Key West FL,24,8809,538.59,16.36
Kill Devil Hills NC,11,5388,394.26,13.67
Killeen-Temple TX,160,89910,5889.60,15.27
Kingsport-Bristol TN-VA,103,40856,2767.87,14.76
Kingston NY,46,21819,2054.21,10.62
Kingsville TX,17,5391,364.83,14.78
Kinston NC,18,8782,563.91,15.57
Kirksville MO,11,3510,304.51,11.53
Klamath Falls OR,30,9617,503.14,19.11
Knoxville TN,218,118972,7442.50,15.99
Kokomo IN,27,13675,854.19,16.01
La Crosse-Onalaska WI-MN,54,19959,1485.23,13.44
La Grande OR,13,3937,232.94,16.90
Laconia NH,22,8043,686.60,11.71
Lafayette LA,135,72977,3854.33,18.93
Lafayette-West Lafayette IN,51,29819,1823.95,16.35
LaGrange GA-AL,33,16559,1026.71,16.13
Lake Charles LA,65,34986,2103.04,16.64
Lake City FL,19,10192,591.00,17.25
Lake Havasu City-Kingman AZ,71,24073,‡,25.32
Lakeland-Winter Haven FL,165,107551,6102.00,17.63
Lamesa TX,5,2478,169.06,14.66
Lancaster PA,114,66864,4785.22,13.97
Lansing-East Lansing MI,199,79699,4487.25,17.76
Laramie WY,19,4074,368.40,11.06
Laredo TX,94,69129,4241.10,16.30
Las Cruces NM,79,39178,2568.27,15.25
Las Vegas NM,25,4035,272.90,14.79
Las Vegas-Henderson-Paradise NV,439,372398,17614.00,21.14
Laurel MS,27,14177,940.65,15.07
Laurinburg NC,11,5743,403.96,14.22
Lawrence KS,29,15144,998.80,15.16
Lawrenceburg TN,13,6970,421.20,16.55
Lawton OK,54,21658,1396.66,15.51
Lebanon MO,11,5874,421.97,13.92
Lebanon NH-VT,131,26628,2444.58,10.89
Lebanon PA,35,19904,1291.58,15.41
Levelland TX,18,4836,414.60,11.66
Lewisburg PA,10,4118,320.05,12.87
Lewisburg TN,10,5446,326.00,16.71
Lewiston ID-WA,29,8722,505.58,17.25
Lewiston-Auburn ME,36,16027,1299.93,12.55
Lewistown PA,11,5092,399.65,12.74
Lexington NE,21,5728,421.13,13.60
Lexington-Fayette KY,138,75536,4886.52,15.46
Liberal KS,10,5243,372.90,14.06
Lima OH,35,14648,902.33,16.23
Lincoln IL,14,3566,277.72,12.84
Lincoln NE,98,50927,3731.75,13.65
Little Rock-North Little Rock-Conway AR,231,118601,8288.38,14.31
Lock Haven PA,12,4199,327.06,12.84
Logan UT-ID,52,30924,1330.08,23.25
Logansport IN,16,6792,420.32,16.16
London KY,69,26572,1672.60,15.89
Longview TX,123,59724,3899.25,15.32
Longview WA,47,17646,951.02,18.55
Los Alamos NM,8,3752,258.52,14.51
Los Angeles-Long Beach-Anaheim CA,2890,1900535,‡,‡
Louisville/Jefferson County KY-IN,320,180240,10650.72,16.92
Lubbock TX,120,54474,3939.70,13.83
Ludington MI,15,4123,227.49,18.12
Lufkin TX,44,17061,1269.54,13.44
Lumberton NC,39,22337,1340.30,16.67
Lynchburg VA,73,32067,2219.15,14.45
Macomb IL,17,3331,266.25,12.51
Macon-Bibb County GA,58,36184,2395.70,15.10
Madera CA,79,32127,–,‡
Madison IN,10,4285,252.96,16.94
Madison WI,236,98168,7297.11,13.45
Madisonville KY,21,7455,469.20,15.89
Magnolia AR,9,3548,286.34,12.39
Malone NY,21,7144,757.84,9.43
Malvern AR,15,5391,480.67,11.22
Manchester-Nashua NH,121,57413,4534.60,12.66
Manhattan KS,44,18876,1404.80,13.44
Manitowoc WI,31,10439,744.27,14.03
Mankato MN,51,14204,945.37,15.02
Mansfield OH,46,17961,1220.63,14.71
Marietta OH,22,7499,478.97,15.66
Marinette WI-MI,42,9531,676.30,14.09
Marion IN,25,10214,599.61,17.03
Marion NC,14,5905,414.98,14.23
Marion OH,25,11714,704.24,16.63
Marquette MI,25,8054,516.48,15.59
Marshall MN,17,4871,315.08,15.46
Marshall MO,19,3757,302.96,12.40
Marshalltown IA,16,7256,510.12,14.22
Martin TN,11,4090,270.80,15.10
Martinsville VA,20,9311,614.23,15.16
Maryville MO,17,2564,249.44,10.28
Mason City IA,17,6658,454.92,14.64
MayagÃƒÂ¼ez PR,25,8933,771.00,12.14
Mayfield KY,15,6290,372.00,16.91
Maysville KY,5,2777,168.00,16.53
McAlester OK,33,7756,528.95,14.66
McAllen-Edinburg-Mission TX,354,223849,14558.72,15.38
McComb MS,20,6492,428.33,15.16
McMinnville TN,11,6492,422.10,15.38
McPherson KS,18,5295,349.88,15.13
Meadville PA,26,9900,752.70,13.15
Medford OR,63,29783,1445.09,20.61
Memphis TN-MS-AR,399,226433,13651.42,16.59
Menomonie WI,17,6180,410.02,15.07
Merced CA,114,59531,–,‡
Meridian MS,39,14932,1059.42,14.09
Mexico MO,14,3402,‡,13.01
Miami OK,22,5611,368.84,15.21
Miami-Fort Lauderdale-Pompano Beach FL,1102,814836,44499.36,18.31
Michigan City-La Porte IN,35,16448,1045.67,15.73
Middlesborough KY,18,4489,295.78,15.18
Midland MI,26,11924,657.44,18.14
Midland TX,55,32408,1971.14,16.44
Milledgeville GA,10,5823,382.20,15.24
Milwaukee-Waukesha WI,462,225879,14064.36,16.06
Minden LA,14,5941,305.00,19.48
Mineral Wells TX,11,4553,348.01,13.08
Minneapolis-St. Paul-Bloomington MN-WI,1419,586188,32723.14,17.91
Minot ND,45,11996,930.42,12.89
Missoula MT,43,14229,934.29,15.23
Mitchell SD,23,3872,275.72,14.04
Moberly MO,16,3520,314.74,11.18
Mobile AL,115,63216,3478.80,18.17
Modesto CA,190,110150,–,‡
Monroe LA,69,34185,1908.27,17.91
Monroe MI,52,21716,1160.81,18.71
Montgomery AL,112,54397,2959.75,18.38
Montrose CO,24,7011,421.52,16.63
Morehead City NC,19,8396,613.71,13.68
Morgan City LA,23,8885,492.61,18.04
Morgantown WV,29,16123,1082.50,14.89
Morristown TN,40,21047,1308.20,16.09
Moscow ID,19,4543,294.29,15.44
Moses Lake WA,57,20908,1128.47,18.53
Moultrie GA,13,9447,665.30,14.20
Mount Airy NC,28,11270,761.69,14.80
Mount Gay-Shamrock WV,18,5507,393.70,13.99
Mount Pleasant MI,22,6843,457.58,14.95
Mount Pleasant TX,19,9475,712.99,13.29
Mount Sterling KY,19,7740,473.00,16.36
Mount Vernon IL,25,5978,427.16,13.99
Mount Vernon OH,21,7524,463.67,16.23
Mount Vernon-Anacortes WA,52,19709,1128.67,17.46
Mountain Home AR,10,5216,395.93,13.17
Mountain Home ID,17,4828,257.33,18.76
Muncie IN,34,15597,942.11,16.56
Murray KY,13,4913,295.97,16.60
Muscatine IA,16,7096,525.35,13.51
Muskegon MI,69,26473,1544.98,17.13
Muskogee OK,36,12626,776.52,16.26
Myrtle Beach-Conway-North Myrtle Beach SC-NC,79,59896,3758.65,15.94
Nacogdoches TX,30,11044,815.49,13.54
Napa CA,43,19999,–,‡
Naples-Marco Island FL,72,47834,2784.05,17.18
Nashville-Davidson--Murfreesboro--Franklin TN,477,292569,18364.90,15.93
Natchez MS-LA,21,6887,454.07,15.17
Natchitoches LA,16,6194,326.38,18.98
New Bern NC,35,16333,1043.51,15.65
New Castle IN,18,6866,478.02,14.36
New Castle PA,26,11712,821.12,14.26
New Haven-Milford CT,231,119041,9341.32,12.74
New Orleans-Metairie LA,283,171512,9196.19,18.65
New Philadelphia-Dover OH,43,15134,822.10,18.41
New Ulm MN,17,3598,269.22,13.36
New York-Newark-Jersey City NY-NJ-PA,4699,2720050,213463.87,12.74
Newberry SC,14,5979,456.00,13.11
Newport OR,17,5623,284.62,19.76
Newport TN,13,5197,340.60,15.26
Niles MI,76,22788,1326.88,17.17
Nogales AZ,30,10382,‡,24.81
Norfolk NE,32,7817,562.74,13.89
North Platte NE,26,5885,433.79,13.57
North Port-Sarasota-Bradenton FL,145,93573,5849.70,16.00
North Vernon IN,8,4173,257.25,16.22
North Wilkesboro NC,23,9528,601.09,15.85
Norwalk OH,21,7821,480.41,16.28
Norwich-New London CT,88,37043,3072.47,12.06
Oak Harbor WA,25,9249,523.43,17.67
Ocala FL,65,43230,2378.00,18.18
Ocean City NJ,32,12397,1187.65,10.44
Odessa TX,48,36762,2117.50,17.36
Ogden-Clearfield UT,227,152097,6620.34,22.97
Ogdensburg-Massena NY,40,14849,1332.96,11.14
Oil City PA,15,5908,460.45,12.83
Okeechobee FL,18,6625,344.11,19.25
Oklahoma City OK,429,260145,15086.23,17.24
Olean NY,31,12181,1168.65,10.42
Olympia-Lacey-Tumwater WA,82,44943,2368.85,18.97
Omaha-Council Bluffs NE-IA,355,162965,10746.80,15.16
Oneonta NY,21,6520,636.86,10.24
Ontario OR-ID,38,9684,558.82,17.33
Opelousas LA,34,13214,787.85,16.77
Orangeburg SC,31,12601,842.30,14.96
Orlando-Kissimmee-Sanford FL,498,396802,23801.83,16.67
Oshkosh-Neenah WI,54,22691,1637.89,13.85
Oskaloosa IA,7,2881,210.25,13.70
Othello WA,16,5472,300.39,18.22
Ottawa IL,75,20977,1587.21,13.22
Ottawa KS,14,4384,336.30,13.04
Ottumwa IA,15,6576,416.39,15.79
Owatonna MN,19,7153,‡,15.93
Owensboro KY,45,20456,1235.31,16.56
Oxford MS,13,7404,482.92,15.33
Oxnard-Thousand Oaks-Ventura CA,235,151283,–,‡
Ozark AL,16,6490,361.57,17.95
Paducah KY-IL,41,15204,922.79,16.48
Pahrump NV,29,5592,325.00,17.21
Palatka FL,25,10850,556.96,19.48
Palestine TX,26,8520,677.06,12.58
Palm Bay-Melbourne-Titusville FL,114,73861,4515.10,16.36
Pampa TX,10,4184,297.10,14.08
Panama City FL,48,25105,1445.38,17.37
Paragould AR,15,7886,550.89,14.32
Paris TN,9,4659,303.00,15.38
Paris TX,22,8613,691.97,12.45
Parkersburg-Vienna WV,33,13235,926.40,14.29
Parsons KS,17,3624,270.31,13.41
Payson AZ,36,7532,‡,19.04
Pearsall TX,7,3152,224.44,14.04
Pecos TX,6,3038,194.14,15.65
Pella IA,16,5586,385.05,14.51
Pensacola-Ferry Pass-Brent FL,110,68781,4011.58,17.15
Peoria IL,201,61952,4263.32,14.54
Peru IN,11,5475,312.71,17.51
Philadelphia-Camden-Wilmington PA-NJ-DE-MD,1382,862828,62273.61,13.86
Phoenix-Mesa-Chandler AZ,1398,817152,‡,24.08
Picayune MS,20,8642,580.93,14.88
Pierre SD,11,3382,248.44,13.61
Pine Bluff AR,32,12788,927.58,13.79
Pinehurst-Southern Pines NC,27,14033,864.66,16.23
Pittsburg KS,16,6060,396.56,15.28
Pittsburgh PA,560,297511,21228.12,14.01
Pittsfield MA,46,15348,1427.79,10.75
Plainview TX,25,7108,498.85,14.25
Platteville WI,32,7130,557.02,12.80
Plattsburgh NY,29,10808,1039.67,10.40
Plymouth IN,16,7991,492.29,16.23
Pocatello ID,42,16916,879.53,19.23
Point Pleasant WV-OH,26,8224,594.87,13.82
Ponca City OK,22,7576,483.49,15.67
Ponce PR,68,22820,1847.00,12.62
Pontiac IL,23,5601,465.17,12.04
Poplar Bluff MO,30,9110,654.14,13.93
Port Angeles WA,28,10842,630.77,17.19
Port Lavaca TX,7,3840,266.59,14.40
Port St. Lucie FL,86,62344,3611.12,17.26
Portales NM,13,3376,242.31,13.93
Portland-South Portland ME,177,69502,5782.62,12.25
Portland-Vancouver-Hillsboro OR-WA,618,341451,17545.37,19.46
Portsmouth OH,31,11275,846.20,13.32
Pottsville PA,36,17985,1357.73,13.25
Poughkeepsie-Newburgh-Middletown NY,157,97776,8087.32,12.09
Prescott Valley-Prescott AZ,103,25239,‡,23.54
Price UT,10,4084,204.81,19.94
Prineville OR,10,3502,177.57,19.72
Providence-Warwick RI-MA,456,223372,16505.77,13.54
Provo-Orem UT,207,155573,6392.66,24.34
Pueblo CO,63,33468,1545.45,21.66
Pullman WA,27,4935,333.31,14.81
Punta Gorda FL,27,16030,903.66,17.74
Quincy IL-MO,26,10650,709.84,15.00
Racine WI,55,27376,2011.86,13.61
Raleigh-Cary NC,291,226615,14369.85,15.77
Rapid City SD,56,20539,1303.48,15.76
Raymondville TX,15,4147,314.69,13.18
Reading PA,96,64947,4495.03,14.45
Red Bluff CA,42,11177,–,†
Red Wing MN,31,7158,‡,16.03
Redding CA,97,26709,–,‡
Reno NV,127,73045,3935.00,18.56
Rexburg ID,25,9193,468.81,19.61
Richmond IN,23,10228,684.23,14.95
Richmond VA,314,196940,12474.03,15.79
Richmond-Berea KY,32,15598,892.67,17.47
Rio Grande City-Roma TX,29,17557,1250.62,14.04
Riverside-San Bernardino-Ontario CA,1090,834192,‡,8021.08
Riverton WY,35,7324,632.53,11.58
Roanoke Rapids NC,30,9538,646.33,14.76
Roanoke VA,93,44111,3069.00,14.37
Rochelle IL,28,8609,603.62,14.26
Rochester MN,100,36077,1754.57,20.56
Rochester NY,288,152280,14141.26,10.77
Rock Springs WY,27,8023,593.19,13.53
Rockford IL,109,54185,3403.29,15.94
Rockingham NC,15,7180,452.19,15.88
Rockport TX,4,2966,205.15,14.46
Rocky Mount NC,45,23053,1441.90,15.99
Rolla MO,15,6662,472.20,14.11
Rome GA,27,16067,1017.20,15.80
Roseburg OR,48,14320,794.75,18.02
Roswell NM,33,12128,682.67,17.77
Ruidoso NM,14,2877,200.64,14.34
Russellville AR,33,14341,1302.86,11.01
Ruston LA,15,6448,388.84,16.58
Rutland VT,32,7509,655.13,11.46
Sacramento-Roseville-Folsom CA,637,382774,–,‡
Safford AZ,31,7098,‡,20.97
Saginaw MI,79,26675,1483.91,17.98
Salem OH,37,14354,888.62,16.15
Salem OR,137,72177,3522.27,20.49
Salina KS,22,9464,689.05,13.73
Salinas CA,150,79209,–,‡
Salisbury MD-DE,96,55600,4061.28,13.69
Salt Lake City UT,346,239355,10595.06,22.59
San Angelo TX,77,20238,‡,14.64
San Antonio-New Braunfels TX,773,464142,29738.29,15.61
San Diego-Chula Vista-Carlsbad CA,772,499216,–,‡
San Francisco-Oakland-Berkeley CA,1069,590885,–,‡
San GermÃƒÂ¡n PR,29,10850,901.00,12.04
San Jose-Sunnyvale-Santa Clara CA,445,273391,–,‡
San Juan-Carolina-Caguas PR,499,172781,14646.00,11.88
San Luis Obispo-Paso Robles CA,82,34375,–,‡
Sandpoint ID,19,5003,304.77,16.42
Sandusky OH,28,13311,804.54,16.54
Sanford NC,19,10439,692.94,15.06
Santa Cruz-Watsonville CA,83,38948,–,‡
Santa Fe NM,50,20120,1377.49,14.61
Santa Isabel PR,5,1576,138.00,11.42
Santa Maria-Santa Barbara CA,129,68999,–,‡
Santa Rosa-Petaluma CA,183,67184,–,‡
Sault Ste. Marie MI,22,5044,383.37,13.16
Savannah GA,81,60193,4064.90,14.81
Sayre PA,19,9062,622.37,14.56
Scottsbluff NE,38,7219,506.98,14.24
Scottsboro AL,23,7651,443.19,17.26
Scottsburg IN,9,3899,228.25,17.08
Scranton--Wilkes-Barre PA,119,73875,4921.05,15.01
Searcy AR,27,12729,1034.94,12.30
Seattle-Tacoma-Bellevue WA,1020,561082,30044.31,18.68
Sebastian-Vero Beach FL,29,17871,1046.00,17.09
Sebring-Avon Park FL,24,12080,657.00,18.39
Sedalia MO,20,6919,544.94,12.70
Selinsgrove PA,8,4719,315.00,14.98
Selma AL,25,5732,312.04,18.37
Seneca Falls NY,11,3870,401.42,9.64
Seneca SC,17,10532,785.00,13.42
Sevierville TN,30,14662,1016.80,14.42
Seymour IN,14,7403,389.75,18.99
Shawano WI,21,6272,520.49,12.05
Shawnee OK,41,12628,845.20,14.94
Sheboygan WI,50,18553,1307.33,14.19
Shelby NC,31,15571,1009.15,15.43
Shelbyville TN,14,8968,564.00,15.90
Shelton WA,24,8827,537.05,16.44
Sheridan WY,22,4831,371.92,12.99
Sherman-Denison TX,61,23930,1784.76,13.41
Show Low AZ,93,21251,‡,15.50
Shreveport-Bossier City LA,107,66055,3243.30,20.37
Sidney OH,21,8332,407.74,20.43
Sierra Vista-Douglas AZ,83,20093,‡,22.78
Sikeston MO,22,6376,480.02,13.28
Silver City NM,16,3919,285.98,13.70
Sioux City IA-NE-SD,66,27001,1775.75,15.21
Sioux Falls SD,125,45741,2950.13,15.50
Snyder TX,7,3179,239.30,13.28
Somerset KY,19,10833,630.63,17.18
Somerset PA,29,8621,719.03,11.99
Sonora CA,29,6042,–,‡
South Bend-Mishawaka IN-MI,89,45104,2530.51,17.82
Spartanburg SC,83,51729,3645.00,14.19
Spearfish SD,15,3257,250.98,12.98
Spencer IA,6,2231,156.42,14.26
Spirit Lake IA,9,2963,199.72,14.84
Spokane-Spokane Valley WA,217,86139,4851.62,17.75
Springfield IL,82,30815,2150.23,14.33
Springfield MA,246,98939,8265.98,11.97
Springfield MO,166,68252,4840.15,14.10
Springfield OH,46,20356,1195.09,17.03
St. Cloud MN,81,31721,1701.59,18.64
St. George UT,60,39263,1601.25,24.52
St. Joseph MO-KS,62,17502,1255.35,13.94
St. Louis MO-IL,874,401831,27710.05,14.50
St. Marys GA,12,9277,591.30,15.69
St. Marys PA,10,3352,240.71,13.93
Starkville MS,13,6858,414.87,16.53
State College PA,33,14067,1138.10,12.36
Statesboro GA,16,11073,704.30,15.72
Staunton VA,41,16117,1134.56,14.21
Steamboat Springs CO,15,3559,241.88,14.71
Stephenville TX,16,6096,459.31,13.27
Sterling CO,13,2932,201.46,14.55
Sterling IL,48,8936,610.84,14.68
Stevens Point WI,32,9689,651.44,14.87
Stillwater OK,26,11027,673.57,16.37
Stockton CA,246,151270,–,‡
Storm Lake IA,14,4553,311.20,14.63
Sturgis MI,37,10416,571.42,18.23
Sulphur Springs TX,16,6927,582.89,11.88
Summerville GA,8,4072,274.70,14.82
Sumter SC,40,21411,1300.40,16.46
Sunbury PA,23,11030,746.62,14.77
Susanville CA,24,3811,–,‡
Sweetwater TX,12,3182,234.89,13.55
Syracuse NY,186,97189,7919.74,12.27
Tahlequah OK,21,7798,537.46,14.51
Talladega-Sylacauga AL,35,11322,641.28,17.66
Tallahassee FL,99,47237,2780.65,16.99
Tampa-St. Petersburg-Clearwater FL,595,422711,25582.85,16.52
Taos NM,24,4076,321.54,12.68
Taylorville IL,20,4813,331.98,14.50
Terre Haute IN,64,26638,1564.90,17.02
Texarkana TX-AR,67,27331,2125.83,12.86
The Dalles OR,11,3527,187.28,18.83
The Villages FL,13,8963,543.00,16.51
Thomaston GA,4,4144,265.00,15.64
Thomasville GA,13,8634,591.40,14.60
Tiffin OH,18,5713,345.17,16.55
Tifton GA,11,7891,515.80,15.30
Toccoa GA,6,3984,263.50,15.12
Toledo OH,209,107514,7543.97,14.25
Topeka KS,97,37714,2872.47,13.13
Torrington CT,60,21771,1875.20,11.61
Traverse City MI,53,18499,1101.34,16.80
Trenton-Princeton NJ,104,56702,4684.88,12.10
Troy AL,11,3991,250.45,15.94
Truckee-Grass Valley CA,49,13519,–,‡
Tucson AZ,379,148122,‡,21.38
Tullahoma-Manchester TN,33,15612,1012.40,15.42
Tulsa OK,338,168628,9819.22,17.17
Tupelo MS,68,28848,2076.65,13.89
Tuscaloosa AL,77,35905,2027.13,17.71
Twin Falls ID,46,21346,1120.28,19.05
Tyler TX,65,37131,2531.90,14.67
Ukiah CA,66,13210,–,†
Union City TN,10,4916,331.30,14.84
Union SC,7,4004,256.60,15.60
Urban Honolulu HI,186,121080,7854.70,15.41
Urbana OH,14,6632,342.49,19.36
Utica-Rome NY,100,43736,3835.66,11.40
Uvalde TX,13,5282,359.76,14.68
Valdosta GA,33,24618,1652.60,15.02
Vallejo CA,111,63861,–,‡
Van Wert OH,12,4301,311.63,13.80
Vermillion SD,5,1478,102.25,14.45
Vernal UT,15,7855,329.55,23.84
Vernon TX,7,2288,175.48,13.04
Vicksburg MS,17,7556,542.18,13.94
Victoria TX,37,16376,1129.68,14.50
Vidalia GA,12,6440,447.20,14.40
Vincennes IN,12,5288,316.62,16.70
Vineland-Bridgeton NJ,53,27514,2205.77,12.47
Vineyard Haven MA,8,2370,275.34,8.61
Virginia Beach-Norfolk-Newport News VA-NC,418,267024,17612.90,15.16
Visalia CA,197,105011,–,‡
Wabash IN,14,5339,313.12,17.05
Waco TX,137,49083,3471.99,14.14
Wahpeton ND-MN,23,3482,268.19,12.98
Walla Walla WA,31,9118,531.13,17.17
Wapakoneta OH,18,7690,415.06,18.53
Warner Robins GA,43,33914,2091.40,16.22
Warren PA,11,4415,344.30,12.82
Warrensburg MO,24,7634,573.53,13.31
Warsaw IN,20,11650,706.42,16.49
Washington Court House OH,7,4837,250.50,19.31
Washington IN,11,4618,268.05,17.23
Washington NC,15,6870,455.05,15.10
Washington-Arlington-Alexandria DC-VA-MD-WV,1419,996911,67820.01,14.70
Waterloo-Cedar Falls IA,64,25564,1819.27,14.05
Watertown SD,28,6111,408.44,14.96
Watertown-Fort Atkinson WI,31,10449,783.76,13.33
Watertown-Fort Drum NY,39,17335,1505.00,11.52
Wauchula FL,12,5068,293.89,17.24
Wausau-Weston WI,63,23976,1679.87,14.27
Waycross GA,15,9824,655.40,14.99
Weatherford OK,15,5597,345.82,16.18
Weirton-Steubenville WV-OH,40,15216,1039.35,14.64
Wenatchee WA,59,21076,1219.53,17.28
West Plains MO,15,5943,477.13,12.46
West Point MS,8,2944,196.32,15.00
Wheeling WV-OH,51,18663,1325.16,14.08
Whitewater WI,44,15703,1136.00,13.82
Wichita Falls TX,60,24395,1799.78,13.55
Wichita KS,237,112742,7257.36,15.53
Williamsport PA,31,15418,1074.76,14.35
Williston ND,21,6575,436.69,15.06
Willmar MN,21,6724,476.79,14.10
Wilmington NC,69,37696,2401.16,15.70
Wilmington OH,17,7035,409.00,17.20
Wilson NC,29,13029,775.00,16.81
Winchester VA-WV,40,21230,1534.53,13.83
Winfield KS,21,5917,438.32,13.50
Winnemucca NV,15,3484,245.00,14.22
Winona MN,18,5045,351.99,14.33
Winston-Salem NC,179,99990,6613.31,15.12
Wisconsin Rapids-Marshfield WI,32,11673,768.68,15.19
Woodward OK,19,4402,319.60,13.77
Wooster OH,42,15090,932.78,16.18
Worcester MA-CT,296,140813,10575.61,13.31
Worthington MN,14,5114,274.31,18.64
Yakima WA,117,55278,2952.85,18.72
Yankton SD,10,3267,193.95,16.84
Yauco PR,34,10792,936.00,11.53
York-Hanover PA,107,64905,4342.70,14.95
Youngstown-Warren-Boardman OH-PA,180,69190,4389.65,15.76
Yuba City CA,86,36924,–,‡
Yuma AZ,82,38878,‡,26.14
Zanesville OH,33,14009,779.64,17.97
Zapata TX,6,3549,224.50,15.81